{"brand_logo_default":"","brand_logo_retina":"","retina_width":"","retina_height":"","brand_logo_top":"","brand_logo_bottom":"","transparent_logo_default":"","transparent_logo_retina":"","brand_logo_wp":"","brand_fav_icon":"","iphone_icon":"","iphone_retina_icon":"","ipad_icon":"","ipad_retina_icon":"","theme_responsive":true,"theme_layout_width":"container-fluid","theme_page_comments":true,"theme_layout_bg_type":"bg-image","theme_layout_bg_pattern":"pattern-1","custom_bg_pattern":"","theme_layout_bg":{"image":"","repeat":"","position":"","attachment":"","size":"","color":""},"theme_bg_parallax_speed":"","theme_bg_overlay_color":"","select_header_design":"style_two","menubar_width":true,"header_address_info":"[vt_address_infos][vt_address_info address_style=\"style-one\" info_icon=\"fa fa-phone\" info_main_text=\" CONTACT PHONE \" info_sec_text=\"(1001) 888 123 4567\" info_sec_text_link=\"#0\"][vt_address_info address_style=\"style-one\" info_icon=\"fa fa-clock-o\" info_main_text=\"OPEN HOURS\" info_sec_text=\"Mon - Sat 8:00 - 18:00\"][vt_address_info address_style=\"style-one\" info_icon=\"fa fa-map-marker\" info_main_text=\"ADDRESS \" info_sec_text=\"144 FF Designer Street\"][\/vt_address_infos]","header_social_icons":"[vt_socials social_select=\"style-one\"][vt_social social_link=\"https:\/\/www.twitter.com\" social_icon=\"fa fa-twitter\"][vt_social social_link=\"https:\/\/www.facebook.com\" social_icon=\"fa fa-facebook\"][vt_social social_link=\"https:\/\/www.linkedin.com\" social_icon=\"fa fa-linkedin\"][\/vt_socials]","mobile_breakpoint":"","sticky_header":true,"top_left":"A stylish WordPress theme for construction companies","top_right":"[top_bar_links][vt_top_link link_title=\"Faq\" title_link=\"#0\"][vt_top_link link_title=\"Shop\" title_link=\"#0\"][vt_top_link link_title=\"Buy Now\" title_link=\"https:\/\/themeforest.net\/item\/roof-wp-construction-building-business\/20133757?ref=VictorThemes\"][\/top_bar_links][top_bar_ctry_menus main_menu=\"Newyork\"][roof_top_ctry_menu sub_menu_text=\"Los Angles\" target_tab=\"1\"][roof_top_ctry_menu sub_menu_text=\"Ciattle\" target_tab=\"1\"][roof_top_ctry_menu sub_menu_text=\"Washington\" target_tab=\"1\"][roof_top_ctry_menu sub_menu_text=\"Silicon Valley\" target_tab=\"1\"][\/top_bar_ctry_menus]","topbar_left_width":"","topbar_right_width":"","need_title_bar":true,"title_bar_padding":"padding-none","titlebar_top_padding":"","titlebar_bottom_padding":"","need_breadcrumbs":true,"titlebar_bg":{"image":"","repeat":"","position":"","attachment":"","size":"","color":""},"titlebar_bg_overlay_color":"","footer_widget_block":true,"footer_widget_layout":"4","need_copyright":true,"footer_copyright_layout":"copyright-1","copyright_text":"","secondary_text":"[vt_footer_menus][vt_footer_menu menu_title=\"Home\" menu_link=\"#0\" target_tab=\"1\"][vt_footer_menu menu_title=\"Company\" menu_link=\"#0\" target_tab=\"1\"][vt_footer_menu menu_title=\"News\" menu_link=\"#0\" target_tab=\"1\"][vt_footer_menu menu_title=\"FAQ\" menu_link=\"#0\" target_tab=\"1\"][vt_footer_menu menu_title=\"Contact Us\" menu_link=\"#0\"][\/vt_footer_menus]","typography":[{"title":"Body Typography","selector":"p, .woocommerce ul.products li.product .price, .contact-item .contact-info span, input[type=\"text\"], input[type=\"email\"], input[type=\"password\"], input[type=\"tel\"], input[type=\"search\"], input[type=\"date\"], input[type=\"time\"], input[type=\"datetime-local\"], input[type=\"month\"], input[type=\"url\"], input[type=\"number\"], textarea, select, .form-control, .progress-counter, .contact-item .contact-info span, .contact-item .contact-info p, .contact-item .contact-info p a, .work-info .work-category, .news-meta, .mate-designation, .emergency-number, .widget_tag_cloud a, .square-bullets, .plan-price, .post-info .post-time, .blog-links-wrap, .blog-meta, .roof-pagination, .roof-blog-tags ul li a, .roof-comments-area .roof-comments-meta .comments-date, .woocommerce ul.cart_list li a, .woocommerce ul.product_list_widget li a, .woocommerce ul.products li.product .price, .woocommerce nav.woocommerce-pagination ul, .woocommerce-product-rating .woocommerce-review-link, .product_meta, .woocommerce .cart_totals table.shop_table th, .woocommerce .cart_totals table.shop_table td, .woocommerce .cart_totals .shipping button[type=\"submit\"], .roof-forms .lost-password, .roof-404-error .error-title, .roof-contact-wrap .contact-info ul, .roof-footer, .roof-copyright","font":{"family":"Open Sans","variant":"regular","font":"google"},"css":""},{"title":"Menu Typography","selector":".roof-menu .navbar-nav &gt; li &gt; a","font":{"family":"Raleway","variant":"regular","font":"websafe"},"css":""},{"title":"Sub Menu Typography","selector":".dropdown-menu","font":{"family":"Raleway","variant":"regular","font":"websafe"},"css":""},{"title":"Headings Typography","selector":"body, h1, h2, h3, h4, h5, h6, .roof-btn, input[type=\"submit\"], blockquote p, .tooltip, .cpation-wrap p, .swiper-style-three .cpation-wrap .roof-btn, .roof-consult, .roof-consult p, #quote-carousel p, .certifications-style-two .section-title-wrap p, .testimonial-style-three .roof-carousel p, .post-info .post-title, .author-content .author-pro, .woocommerce-checkout form.woocomerce-form.woocommerce-form-login.login p:first-child, .estimation-item input[type=\"text\"], .estimation-item input[type=\"email\"], .estimation-item input[type=\"password\"], .estimation-item input[type=\"tel\"], .estimation-item input[type=\"search\"], .estimation-item input[type=\"date\"], .estimation-item input[type=\"time\"], .estimation-item input[type=\"datetime-local\"], .estimation-item input[type=\"month\"], .estimation-item input[type=\"url\"], .estimation-item input[type=\"number\"], .estimation-item textarea, .estimation-item select, .estimation-item .form-control, .estimation-item.service .wpcf7-list-item-label, .roof-404-error form input[type=\"text\"], .roof-footer h4","font":{"family":"Raleway","variant":"700","font":"google"},"css":""},{"title":"Top Bar Typography","selector":".roof-btn-big, .roof-top-bar, .link-info .roof-btn, .all-project .roof-btn, .roof-top-bar.top-bar-style-two, .roof-top-bar .dropdown-menu","font":{"family":"Roboto","variant":"regular","font":"websafe"},"css":""},{"title":"Example Usage","selector":".your-custom-class","font":{"family":"Roboto Slab","variant":"regular","font":"websafe"},"css":""}],"subsets":["latin"],"font_weight":["400","500","600","700"],"theme_portfolio_name":"","theme_portfolio_slug":"","theme_portfolio_cat_slug":"","portfolio_style":"","portfolio_view":"grid","portfolio_order":"ascending","portfolio_orderby":"None","portfolio_column":"","portfolio_read_more_txt":"","portfolio_pagination":true,"portfolio_limit":"","portfolio_single_pagination":true,"team_top_spacing":"60px","team_bottom_spacing":"0px","blog_listing_style":"","blog_listing_columns":"","blog_sidebar_position":"","blog_widget":"","theme_blog_excerpt":"42","blog_share_expand":"","single_featured_image":true,"single_author_info":true,"single_share_option":true,"single_comment_form":true,"single_sidebar_position":"","single_blog_widget":"","woo_product_columns":"","woo_sidebar_position":"","woo_widget":"sidebar-shop","theme_woo_limit":"","woo_related_limit":"3","error_heading":"","error_page_content":"","error_page_bg":"","error_btn_text":"SEARCH","maintenance_mode_page":"","maintenance_mode_bg":{"image":"","repeat":"","position":"","attachment":"","size":"","color":""},"custom_sidebar":{"1":{"sidebar_name":"About Sidebar","sidebar_desc":"Widget to show about page sidebar"},"2":{"sidebar_name":"Services Sidebar","sidebar_desc":""}},"theme_custom_css":"","theme_custom_js":"","read_more_text":"","view_more_text":"","share_text":"","tags_text":"","share_on_text":"","author_text":"","posted_by_text":"","post_comment_text":"","add_to_cart_text":"","prev_port":"","next_port":"","themeforest_username":"","themeforest_api":"","import":"","theme_bg_parallax":false,"transparent_header_option":false,"cart_widget":false,"top_bar":false,"font_family":"","theme_exclude_categories":false,"theme_metas_hide":false,"woo_single_upsell":false,"woo_single_related":false,"enable_maintenance_mode":false}